image_filename,num_trees,tree_points,path_points
image_1746551059_931153577.jpg,3,"[(600, 343), (724, 333), (965, 329)]",NO PATH
image_1746551061_931181870.jpg,4,"[(593, 337), (654, 338), (724, 324), (974, 324)]",NO PATH
image_1746551062_951177005.jpg,5,"[(595, 337), (626, 337), (658, 338), (729, 336), (998, 329)]",NO PATH
image_1746551064_951685209.jpg,5,"[(599, 331), (631, 334), (666, 332), (746, 327), (1041, 321)]",NO PATH
image_1746551066_991184150.jpg,3,"[(650, 333), (823, 309), (1189, 290)]",NO PATH
image_1746551069_11605720.jpg,5,"[(616, 350), (651, 343), (691, 344), (732, 340), (853, 332)]",NO PATH
image_1746551071_51174450.jpg,5,"[(652, 335), (693, 334), (741, 336), (811, 324), (902, 322)]",NO PATH
image_1746551072_71187890.jpg,5,"[(645, 337), (689, 333), (742, 336), (810, 335), (924, 331)]",NO PATH
image_1746551074_91308432.jpg,5,"[(341, 329), (638, 346), (686, 342), (747, 340), (1017, 328)]",NO PATH
image_1746551076_111211692.jpg,5,"[(188, 334), (285, 342), (619, 339), (744, 339), (927, 332)]",NO PATH
image_1746551077_111296905.jpg,5,"[(183, 321), (284, 318), (634, 337), (683, 337), (968, 307)]",NO PATH
image_1746551078_113336227.jpg,5,"[(154, 307), (287, 320), (648, 327), (798, 324), (1004, 310)]",NO PATH
image_1746551079_131147043.jpg,6,"[(188, 319), (314, 324), (692, 331), (755, 323), (864, 316), (1085, 303)]",NO PATH
image_1746551080_131181632.jpg,6,"[(129, 307), (286, 323), (690, 318), (759, 324), (887, 318), (1105, 308)]",NO PATH
image_1746551081_131199421.jpg,6,"[(75, 323), (256, 324), (687, 324), (761, 328), (911, 320), (1129, 311)]",NO PATH
image_1746551082_151152572.jpg,5,"[(268, 324), (715, 319), (800, 320), (997, 315), (1221, 290)]",NO PATH
image_1746551084_151283639.jpg,5,"[(235, 307), (740, 314), (848, 317), (1026, 310), (1187, 310)]",NO PATH
image_1746551085_172496425.jpg,4,"[(194, 317), (752, 319), (882, 320), (1054, 306)]",NO PATH
image_1746551086_191159253.jpg,4,"[(126, 320), (743, 321), (896, 319), (1066, 305)]",NO PATH
image_1746551087_211148853.jpg,6,"[(51, 295), (688, 335), (754, 321), (848, 318), (926, 311), (1087, 310)]",NO PATH
image_1746551088_231169334.jpg,5,"[(658, 330), (735, 321), (834, 315), (944, 315), (1082, 303)]",NO PATH
image_1746551089_231184498.jpg,4,"[(738, 323), (834, 315), (996, 310), (1106, 310)]",NO PATH
image_1746551090_231199631.jpg,5,"[(741, 322), (840, 322), (968, 314), (1063, 310), (1135, 312)]",NO PATH
image_1746551093_271147818.jpg,5,"[(663, 326), (762, 315), (856, 305), (1008, 304), (1253, 293)]",NO PATH
image_1746551094_271177959.jpg,4,"[(649, 328), (760, 304), (848, 318), (1013, 309)]",NO PATH
image_1746551095_271180708.jpg,4,"[(653, 330), (770, 322), (861, 312), (1036, 307)]",NO PATH
image_1746551096_271738696.jpg,4,"[(641, 322), (767, 314), (855, 310), (1044, 300)]",NO PATH
image_1746551097_291267201.jpg,4,"[(664, 328), (801, 313), (892, 308), (1101, 298)]",NO PATH
image_1746551098_291892007.jpg,4,"[(696, 326), (823, 313), (902, 308), (1138, 288)]",NO PATH
image_1746551100_331217597.jpg,6,"[(684, 329), (699, 334), (719, 334), (887, 316), (941, 316), (1255, 296)]",NO PATH
image_1746551101_351314175.jpg,6,"[(960, 309), (920, 313), (665, 335), (677, 339), (690, 336), (710, 333)]",NO PATH
image_1746551104_391162073.jpg,6,"[(690, 336), (703, 340), (723, 339), (750, 340), (954, 321), (1024, 316)]",NO PATH
image_1746551105_391259447.jpg,6,"[(681, 330), (695, 333), (714, 333), (745, 332), (949, 314), (1033, 314)]",NO PATH
image_1746551106_411363896.jpg,6,"[(681, 339), (696, 336), (720, 334), (752, 333), (956, 323), (1066, 312)]",NO PATH
image_1746551109_471154710.jpg,7,"[(377, 319), (684, 328), (700, 330), (730, 333), (774, 328), (986, 311), (1149, 307)]",NO PATH
image_1746551110_471203699.jpg,7,"[(340, 339), (670, 334), (690, 336), (717, 332), (769, 327), (974, 304), (1154, 290)]",NO PATH
image_1746551112_471246444.jpg,7,"[(309, 335), (680, 331), (698, 330), (736, 330), (801, 329), (1009, 303), (1251, 291)]",NO PATH
image_1746551114_471693835.jpg,6,"[(244, 329), (670, 331), (693, 329), (735, 329), (819, 324), (1016, 300)]",NO PATH
image_1746551115_491163843.jpg,6,"[(192, 331), (662, 326), (687, 327), (732, 324), (830, 321), (1019, 304)]",NO PATH
image_1746551117_491208061.jpg,6,"[(107, 344), (668, 335), (694, 334), (751, 330), (889, 320), (1048, 308)]",NO PATH
image_1746551118_511214205.jpg,6,"[(102, 346), (689, 344), (718, 342), (780, 340), (956, 320), (1093, 306)]",NO PATH
image_1746551122_552029794.jpg,4,"[(717, 322), (756, 323), (875, 312), (1230, 286)]",NO PATH
image_1746551123_571196662.jpg,4,"[(711, 324), (755, 326), (897, 315), (1236, 291)]",NO PATH
image_1746551124_591517786.jpg,4,"[(712, 327), (764, 327), (869, 327), (935, 324)]",NO PATH
image_1746551125_611255735.jpg,4,"[(566, 324), (703, 326), (755, 323), (967, 302)]",NO PATH
image_1746551126_631174678.jpg,5,"[(561, 320), (704, 326), (766, 327), (865, 326), (1036, 299)]",NO PATH
image_1746551130_671242735.jpg,4,"[(583, 330), (698, 334), (740, 332), (841, 325)]",NO PATH
image_1746551131_691150190.jpg,5,"[(576, 339), (698, 339), (743, 337), (811, 331), (859, 331)]",NO PATH
image_1746551133_693446664.jpg,5,"[(580, 313), (705, 318), (760, 317), (824, 314), (919, 303)]",NO PATH
image_1746551134_711231272.jpg,5,"[(560, 316), (699, 324), (756, 322), (818, 314), (946, 314)]",NO PATH
image_1746551142_771301847.jpg,4,"[(531, 334), (697, 337), (839, 320), (1034, 320)]",NO PATH
image_1746551144_791225907.jpg,5,"[(513, 313), (693, 323), (839, 318), (872, 312), (1056, 308)]",NO PATH
image_1746551145_811146929.jpg,5,"[(501, 320), (689, 322), (848, 317), (892, 314), (1062, 317)]",NO PATH
image_1746551146_811212111.jpg,5,"[(500, 326), (693, 322), (851, 310), (943, 310), (1083, 297)]",NO PATH
image_1746551148_851821560.jpg,4,"[(470, 314), (685, 332), (858, 326), (1067, 290)]",NO PATH
image_1746551150_891147950.jpg,5,"[(487, 311), (682, 326), (719, 322), (903, 320), (1231, 307)]",NO PATH
image_1746551155_911193184.jpg,4,"[(443, 302), (682, 317), (737, 318), (959, 304)]",NO PATH
image_1746551156_911199165.jpg,5,"[(457, 327), (704, 346), (763, 345), (820, 347), (995, 336)]",NO PATH
image_1746551157_911651200.jpg,4,"[(432, 333), (699, 349), (766, 346), (1004, 344)]",NO PATH
image_1746551158_931182425.jpg,4,"[(430, 336), (714, 347), (790, 348), (1045, 345)]",NO PATH
image_1746551160_951253366.jpg,4,"[(403, 338), (713, 362), (807, 352), (1086, 340)]",NO PATH
image_1746551161_971177909.jpg,5,"[(389, 320), (678, 349), (702, 353), (811, 350), (1092, 350)]",NO PATH
image_1746551162_991196982.jpg,4,"[(367, 333), (705, 351), (833, 351), (1120, 337)]",NO PATH
image_1746551165_11221171.jpg,4,"[(338, 306), (726, 341), (907, 341), (1229, 339)]",NO PATH
image_1746551166_11229359.jpg,4,"[(284, 308), (709, 341), (937, 350), (1231, 342)]",NO PATH
image_1746551167_11465999.jpg,6,"[(254, 279), (693, 337), (723, 337), (756, 330), (860, 333), (1014, 346)]",NO PATH
image_1746551169_51152010.jpg,5,"[(113, 299), (677, 335), (717, 334), (747, 330), (857, 323)]",NO PATH
image_1746551171_51219108.jpg,5,"[(185, 283), (494, 305), (782, 331), (836, 336), (1001, 332)]",NO PATH
image_1746551172_71218980.jpg,5,"[(108, 265), (497, 290), (792, 328), (861, 333), (1022, 321)]",NO PATH
image_1746551173_71495685.jpg,5,"[(477, 288), (791, 336), (856, 322), (875, 335), (1025, 320)]",NO PATH
image_1746551174_91141183.jpg,5,"[(451, 283), (792, 337), (854, 319), (891, 335), (1029, 316)]",NO PATH
image_1746551175_92591537.jpg,5,"[(409, 286), (771, 336), (831, 316), (885, 328), (1006, 319)]",NO PATH
image_1746551176_111392768.jpg,5,"[(401, 297), (791, 342), (847, 328), (933, 332), (1040, 324)]",NO PATH
image_1746551177_131147036.jpg,5,"[(401, 289), (803, 328), (861, 325), (976, 321), (1067, 321)]",NO PATH
image_1746551178_151152284.jpg,4,"[(401, 269), (838, 332), (888, 317), (1071, 320)]",NO PATH
image_1746551180_151355032.jpg,5,"[(389, 276), (501, 299), (900, 339), (943, 320), (1233, 322)]",NO PATH
image_1746551181_171308823.jpg,5,"[(336, 291), (468, 297), (897, 319), (927, 318), (1233, 316)]",NO PATH
image_1746551185_191622705.jpg,5,"[(203, 227), (454, 265), (897, 329), (1042, 315), (1131, 336)]",NO PATH
image_1746551186_211197579.jpg,8,"[(152, 200), (449, 240), (571, 293), (834, 329), (862, 331), (926, 332), (1069, 315), (1240, 339)]",NO PATH
image_1746551187_211450411.jpg,8,"[(409, 279), (546, 302), (605, 308), (636, 312), (818, 327), (853, 334), (923, 330), (1062, 318)]",NO PATH
image_1746551188_231600813.jpg,7,"[(385, 279), (545, 285), (598, 316), (821, 336), (859, 332), (936, 331), (1080, 325)]",NO PATH
image_1746551190_251614698.jpg,6,"[(183, 276), (423, 276), (549, 311), (785, 327), (875, 327), (997, 322)]",NO PATH
image_1746551191_272093745.jpg,6,"[(65, 265), (398, 288), (544, 308), (791, 329), (893, 331), (1015, 315)]",NO PATH
image_1746551193_291174720.jpg,4,"[(332, 265), (803, 330), (943, 327), (1050, 317)]",NO PATH
image_1746551196_311162329.jpg,5,"[(182, 249), (416, 297), (745, 327), (1044, 333), (1111, 318)]",NO PATH
image_1746551197_311259414.jpg,6,"[(410, 288), (498, 304), (721, 333), (757, 331), (834, 326), (1127, 316)]",NO PATH
image_1746551198_311348212.jpg,6,"[(364, 281), (452, 303), (707, 329), (744, 329), (826, 325), (1216, 319)]",NO PATH
image_1746551200_351988477.jpg,6,"[(232, 283), (396, 297), (661, 324), (700, 327), (811, 326), (1171, 318)]",NO PATH
image_1746551201_371189202.jpg,6,"[(185, 277), (376, 307), (663, 327), (704, 326), (821, 326), (1214, 307)]",NO PATH
image_1746551202_371204622.jpg,5,"[(111, 276), (348, 302), (661, 335), (706, 330), (842, 325)]",NO PATH
image_1746551206_411159367.jpg,5,"[(87, 277), (264, 295), (676, 335), (741, 334), (1020, 336)]",NO PATH
image_1746551208_431304645.jpg,4,"[(463, 327), (622, 332), (664, 333), (741, 338)]",NO PATH
image_1746551209_432886553.jpg,4,"[(456, 330), (620, 335), (665, 336), (745, 334)]",NO PATH
image_1746551210_451190464.jpg,4,"[(33, 267), (463, 339), (674, 345), (772, 343)]",NO PATH
image_1746551212_471161052.jpg,5,"[(514, 331), (639, 329), (682, 335), (739, 337), (877, 335)]",NO PATH
image_1746551213_471182745.jpg,5,"[(516, 325), (641, 334), (692, 339), (756, 338), (935, 342)]",NO PATH
image_1746551216_491278195.jpg,5,"[(415, 316), (589, 329), (800, 329), (869, 334), (1088, 329)]",NO PATH
image_1746551218_511181294.jpg,6,"[(391, 321), (583, 323), (703, 331), (784, 330), (922, 321), (1133, 316)]",NO PATH
image_1746551220_531165194.jpg,5,"[(337, 319), (564, 323), (784, 328), (999, 338), (1162, 325)]",NO PATH
image_1746551221_551110057.jpg,5,"[(303, 317), (543, 326), (675, 334), (769, 329), (1055, 337)]",NO PATH
image_1746551223_571152518.jpg,5,"[(269, 313), (534, 321), (675, 329), (794, 325), (1110, 314)]",NO PATH
image_1746551224_571204867.jpg,5,"[(232, 300), (520, 322), (664, 327), (796, 327), (1105, 313)]",NO PATH
image_1746551227_611210112.jpg,6,"[(164, 305), (512, 322), (664, 334), (774, 332), (851, 332), (1168, 318)]",NO PATH
image_1746551228_631168224.jpg,6,"[(130, 295), (500, 322), (671, 329), (784, 325), (886, 330), (1204, 316)]",NO PATH
image_1746551232_691160828.jpg,4,"[(72, 302), (549, 320), (718, 329), (863, 334)]",NO PATH
image_1746551233_692060678.jpg,3,"[(525, 310), (701, 328), (849, 325)]",NO PATH
image_1746551234_711126072.jpg,3,"[(512, 312), (693, 326), (848, 334)]",NO PATH
image_1746551236_711164753.jpg,3,"[(520, 321), (717, 323), (880, 327)]",NO PATH
image_1746551238_711268971.jpg,4,"[(519, 310), (724, 331), (901, 332), (972, 338)]",NO PATH
image_1746551239_731186666.jpg,4,"[(525, 303), (735, 325), (926, 331), (992, 338)]",NO PATH
image_1746551240_731899601.jpg,4,"[(503, 317), (734, 332), (917, 333), (982, 333)]",NO PATH
image_1746551241_753621802.jpg,4,"[(516, 304), (756, 319), (959, 329), (1027, 328)]",NO PATH
image_1746551242_771559788.jpg,4,"[(514, 311), (762, 329), (976, 330), (1046, 334)]",NO PATH
image_1746551244_811368202.jpg,3,"[(477, 307), (741, 318), (973, 317)]",NO PATH
image_1746551245_831563501.jpg,4,"[(228, 292), (564, 316), (766, 313), (814, 318)]",NO PATH
image_1746551246_851157927.jpg,4,"[(402, 302), (495, 312), (630, 316), (673, 325)]",NO PATH
image_1746551247_851169347.jpg,5,"[(293, 321), (411, 302), (553, 319), (596, 329), (1150, 325)]",NO PATH
image_1746551248_851190976.jpg,5,"[(244, 305), (385, 313), (526, 325), (578, 325), (1152, 326)]",NO PATH
image_1746551249_871321506.jpg,4,"[(252, 308), (418, 326), (483, 334), (1015, 329)]",NO PATH
image_1746551251_911376963.jpg,4,"[(217, 312), (382, 324), (463, 333), (1057, 326)]",NO PATH
image_1746551253_951159616.jpg,4,"[(230, 313), (376, 313), (470, 325), (1177, 310)]",NO PATH
image_1746551254_971164448.jpg,4,"[(271, 329), (342, 329), (457, 332), (1220, 331)]",NO PATH
image_1746551255_991162080.jpg,3,"[(248, 327), (322, 323), (449, 331)]",NO PATH
image_1746551256_991214461.jpg,5,"[(171, 316), (234, 328), (293, 328), (344, 330), (436, 333)]",NO PATH
image_1746551257_991222042.jpg,3,"[(214, 323), (401, 334), (1078, 346)]",NO PATH
image_1746551260_11236759.jpg,3,"[(52, 305), (348, 334), (1138, 352)]",NO PATH
image_1746551292_451153299.jpg,4,"[(230, 301), (611, 328), (897, 315), (1206, 329)]",NO PATH
image_1746551294_491329142.jpg,4,"[(203, 317), (604, 334), (918, 326), (1238, 329)]",NO PATH
image_1746551296_531152979.jpg,4,"[(180, 318), (599, 334), (933, 314), (999, 314)]",NO PATH
image_1746551298_571169684.jpg,4,"[(177, 316), (610, 332), (899, 326), (968, 329)]",NO PATH
image_1746551301_591146604.jpg,5,"[(210, 319), (626, 334), (954, 318), (1043, 317), (1122, 322)]",NO PATH
image_1746551304_631176297.jpg,4,"[(200, 322), (634, 330), (978, 329), (1114, 324)]",NO PATH
image_1746551305_631596620.jpg,4,"[(199, 326), (637, 332), (991, 327), (1148, 317)]",NO PATH
image_1746551306_651158789.jpg,4,"[(154, 322), (614, 329), (969, 326), (1128, 318)]",NO PATH
image_1746551307_651282787.jpg,4,"[(151, 318), (612, 332), (988, 326), (1174, 314)]",NO PATH
image_1746551309_691341476.jpg,3,"[(611, 321), (1009, 317), (1237, 314)]",NO PATH
image_1746551310_711674505.jpg,3,"[(624, 326), (122, 301), (1041, 329)]",NO PATH
image_1746551312_751192387.jpg,3,"[(85, 325), (612, 339), (1047, 327)]",NO PATH
image_1746551313_771168258.jpg,3,"[(53, 323), (595, 328), (1045, 330)]",NO PATH
image_1746551316_791202108.jpg,3,"[(400, 325), (568, 323), (1057, 324)]",NO PATH
image_1746551317_811205788.jpg,4,"[(406, 326), (564, 325), (751, 320), (1074, 312)]",NO PATH
image_1746551319_851774596.jpg,4,"[(416, 320), (591, 317), (794, 313), (1128, 313)]",NO PATH
image_1746551320_871146523.jpg,5,"[(399, 308), (593, 318), (798, 333), (1134, 312), (1210, 319)]",NO PATH
image_1746551321_871174072.jpg,5,"[(405, 327), (598, 322), (808, 319), (1171, 309), (1254, 304)]",NO PATH
image_1746551323_429906661.jpg,4,"[(389, 324), (577, 320), (805, 323), (1172, 303)]",NO PATH
image_1746551326_431774319.jpg,4,"[(341, 324), (576, 324), (826, 312), (1253, 318)]",NO PATH
image_1746551327_451156978.jpg,5,"[(266, 329), (320, 325), (99, 317), (582, 334), (847, 327)]",NO PATH
image_1746551330_451244728.jpg,4,"[(40, 323), (305, 319), (605, 313), (929, 306)]",NO PATH
image_1746551332_491471419.jpg,3,"[(313, 309), (629, 318), (1017, 324)]",NO PATH
image_1746551333_511154116.jpg,3,"[(276, 335), (633, 323), (1037, 316)]",NO PATH
image_1746551335_511465528.jpg,3,"[(199, 330), (621, 312), (1100, 317)]",NO PATH
image_1746551336_511476687.jpg,3,"[(148, 338), (614, 322), (1133, 334)]",NO PATH
image_1746551337_511576936.jpg,4,"[(86, 317), (610, 315), (1100, 312), (1187, 320)]",NO PATH
image_1746551338_532364071.jpg,3,"[(41, 329), (610, 315), (1129, 324)]",NO PATH
image_1746551339_551264671.jpg,3,"[(3, 312), (620, 327), (1162, 330)]",NO PATH
image_1746551340_571485811.jpg,2,"[(607, 317), (1176, 338)]",NO PATH
image_1746551341_591173916.jpg,4,"[(596, 329), (942, 327), (1038, 327), (1177, 338)]",NO PATH
image_1746551343_591192394.jpg,5,"[(582, 316), (857, 319), (953, 324), (1055, 318), (1216, 328)]",NO PATH
image_1746551345_631152455.jpg,5,"[(536, 316), (828, 323), (927, 326), (1032, 330), (1222, 324)]",NO PATH
image_1746551347_631172437.jpg,5,"[(390, 299), (711, 323), (801, 315), (889, 318), (1055, 307)]",NO PATH
image_1746551349_631324262.jpg,4,"[(122, 284), (566, 316), (646, 316), (885, 295)]",NO PATH
image_1746551350_651431672.jpg,3,"[(476, 299), (567, 311), (791, 298)]",NO PATH
image_1746551352_691145008.jpg,3,"[(436, 298), (687, 293), (1203, 302)]",NO PATH
image_1746551354_711172246.jpg,3,"[(229, 304), (545, 307), (1004, 315)]",NO PATH
image_1746551356_732609978.jpg,3,"[(427, 309), (911, 332), (1161, 328)]",NO PATH
