35.77560074598826,-78.64096058930534
35.77280262700587,-78.6382237200586
35.77297792602739,-78.63767010365035
35.77304924540118,-78.64114129495788
35.7730559107632,-78.64135321340495
35.7730545776908,-78.64124643279209
35.77545544109589,-78.64185097533878
35.77587002661448,-78.64345925564643
35.77265598904109,-78.64208424990844
35.77319188414872,-78.6437533130265
35.77306390919765,-78.6414484945672
35.77312123131115,-78.64300338456843
35.77553009315069,-78.64184440422414
35.77421568375734,-78.64048993321938
35.77265532250489,-78.63928331229398
35.77304258003914,-78.64104354962764
35.77491088101761,-78.64191915065315
35.77558474911937,-78.641570060188
35.77375177455968,-78.64385845086069
35.77323187632093,-78.6420448232206
35.77275730254403,-78.64206782212183
35.77405771467711,-78.64199636125015
35.77284395225049,-78.64358574960322
35.77431166497065,-78.64242759064827
35.77430966536203,-78.64382066695153
35.77316988845401,-78.63855638273715
35.77444763835616,-78.64188054535465
35.77293926692759,-78.64231752447809
35.77563340626223,-78.64171462471005
35.77324987279843,-78.63855063301185
35.77312323091977,-78.64310605823465
35.77342117260274,-78.63769967366622
35.77406704618395,-78.64220417275058
35.77328519921722,-78.63841099682578
35.77331452681018,-78.64203578793797
35.7731492258317,-78.63773910035404
35.7752674778865,-78.64127764558661
35.77295859647749,-78.64260008240751
35.77461960469667,-78.64195939873031
35.77297192720156,-78.64341818617994
35.77397773033268,-78.64199636125015
35.77368378786693,-78.64201278903674
35.77528480782779,-78.64192654315713
35.77278796320939,-78.63796908936638
35.77279862778865,-78.6405564657551
35.77308790450098,-78.63855966829446
35.77318255264188,-78.63959544023929
35.77542944618396,-78.63927345562202
35.77525681330724,-78.64151913404956
35.77315589119374,-78.64282267891588
35.77378776751468,-78.6442724310829
35.77585669589041,-78.64041107984373
35.77340250958904,-78.64203825210596
35.77269998043052,-78.64056467964839
35.77380643052837,-78.64200786070077
35.77358514050881,-78.63837485569528
35.7739990594912,-78.64215324661212
35.77341717338552,-78.63854077633988
35.77384775577299,-78.64216803162007
35.77422168258317,-78.64304198986693
35.77575404931507,-78.64172119582469
35.77416702661448,-78.64049486155537
35.77295459726027,-78.64242266231228
35.77301258590998,-78.63815143779757
35.77311723209393,-78.6426575796606
35.77556808571429,-78.64379109693566
35.77539878551859,-78.64191257953851
35.7729599295499,-78.64132528616774
35.77389641291585,-78.64200539653278
35.77446230215264,-78.64033797619338
35.77500219647749,-78.6384832790868
35.77565006966732,-78.6385522757905
35.77346783013699,-78.63935230899767
35.77560207906067,-78.64178690697106
35.77421701682974,-78.64341490062263
35.77356381135029,-78.64363010462702
35.77478890489237,-78.64212367659626
35.77598333776908,-78.64024515919913
35.77453695420743,-78.64303706153095
35.77426167475538,-78.6434387209132
35.77355447984344,-78.64324076608472
35.77577671154599,-78.64026569393236
35.77537145753425,-78.64130967977047
35.77265332289628,-78.64042422207301
35.77532080078278,-78.64305595348553
35.77346916320939,-78.6438945919912
35.77287327984345,-78.64205796544988
35.7735651444227,-78.64202018154072
35.77318255264188,-78.64419029214991
35.77310256829745,-78.64251465791722
35.77287861213307,-78.63863277194481
35.77499419804305,-78.6429943492858
35.77512083992173,-78.64192490037846
35.77571072446184,-78.6438863780979
35.77368578747554,-78.64413279489683
35.77427167279843,-78.64280214418264
35.77281062544031,-78.64386009363936
35.77390374481409,-78.63853420522524
35.77452229041096,-78.64196925540227
35.77428500352251,-78.6433836878281
35.77346649706458,-78.64324405164204
35.7726199960861,-78.6401506994262
35.77342183913894,-78.63802083689416
35.77266198786693,-78.63795430435844
35.77368245479452,-78.64361778378708
35.77306790841487,-78.6415643104627
35.77400505831702,-78.64362189073373
35.77298059217221,-78.64175897973385
35.7740197221135,-78.64265100854597
35.77433032798434,-78.64301241985105
35.77542211428572,-78.64028212171895
35.77432766183953,-78.64284649920644
35.77274397181996,-78.63928084812599
35.77559074794521,-78.64066488914662
35.77366845753424,-78.64217295995604
35.7751928258317,-78.64192572176779
35.77480090254403,-78.64190190147723
35.77367578943248,-78.64401122927603
35.77416769315069,-78.64319641106091
35.77296792798434,-78.64154377572946
35.77585802896282,-78.64307566682945
35.77561007749511,-78.64144520900989
35.77315255851272,-78.64291467452081
35.77374644227006,-78.64217624551337
35.77297992563601,-78.64141317482603
35.77560474520548,-78.64186658173605
35.77503419021527,-78.64129407337322
35.77543077925636,-78.63943444793065
35.77399772641878,-78.6434444706385
35.77521415499022,-78.6412743600293
35.7738670853229,-78.63954451410083
35.77392374090019,-78.64216803162007
35.77367578943248,-78.63803644329141
35.77369445244619,-78.64424368245635
35.77499286497065,-78.64030676339885
35.77479090450098,-78.6426657935539
35.77339717729941,-78.63958886912465
35.77295459726027,-78.64280050140398
35.77263199373777,-78.63908289329753
35.77296726144814,-78.64353810902209
35.77427300587084,-78.64312577157855
35.77546477260274,-78.63847013685752
35.77392240782779,-78.64384038029544
35.77312323091977,-78.64243251898425
35.77326520313111,-78.6421992444146
35.77269798082192,-78.63972193419606
35.77557675068493,-78.64127107447197
35.77529947162427,-78.6392701700647
35.77310523444227,-78.63958229801001
35.77355647945205,-78.64414100879013
35.77378110215264,-78.63955272799414
35.77411037103718,-78.6379863385423
35.77573138708415,-78.64098687376388
35.77308590489237,-78.6413901759248
35.77410837142857,-78.63831078732755
35.77425967514677,-78.64290563923818
35.77333518943249,-78.6385440618972
35.77336118434442,-78.643253908314
35.77325987084149,-78.64226988389696
35.77326520313111,-78.64060246355756
35.77460894011742,-78.64266743633256
35.77298792407045,-78.64149120681235
35.77431166497065,-78.6425195862532
35.7751541667319,-78.64152077682822
35.7752674778865,-78.6420776787938
35.77552609393346,-78.64192982871444
35.77571805636008,-78.64055975131241
35.77457028101761,-78.64048829044073
35.77427300587084,-78.63816458002685
35.77285728297456,-78.64391266255646
35.77381709510763,-78.64414265156879
35.77347849471624,-78.64202675265535
35.77517549589041,-78.64044557819558
35.77494220821918,-78.64153556183616
35.77385508767123,-78.64419850604321
35.77492087906067,-78.64346746953973
35.77278529706458,-78.63842413905506
35.7738490888454,-78.63764628335979
35.77379576594912,-78.63838471236723
35.77347849471624,-78.63958065523136
35.7742656739726,-78.63799865938225
35.77332585792563,-78.63936873678428
35.77355181369863,-78.64217953107068
35.77392574050881,-78.63837978403126
35.77594534520548,-78.6392455283848
35.77468359217221,-78.64131214393846
35.77288394442269,-78.64015562776217
35.77524614872799,-78.6429196028568
35.77533679765166,-78.64207275045781
35.77349182544031,-78.6385440618972
35.77357447592955,-78.6376438191918
35.77386641878669,-78.64222717165181
35.77558074990215,-78.64138853314613
35.77286128219178,-78.63893175766084
35.77482623091976,-78.64414018740081
35.77431966340509,-78.6426657935539
35.7729592630137,-78.64306991710413
35.77420368610567,-78.6429943492858
35.77288127827789,-78.63967100805762
35.77565540195695,-78.64350278928092
35.77431033189823,-78.63808736942985
35.77542877964775,-78.64207275045781
35.77291993737769,-78.64366296020022
35.7729599295499,-78.64122261250152
35.77341650684932,-78.64218774496398
35.7745876109589,-78.64131460810646
35.77288261135029,-78.64021558918324
35.77336784970645,-78.63840524710048
35.7742643409002,-78.63773170785008
35.77289460900195,-78.6402804789403
35.77356647749511,-78.63853584800391
35.77391041017612,-78.64427571664021
35.77446763444227,-78.6413959256501
35.77540211819961,-78.63847013685752
35.77272930802348,-78.64360217738981
35.77312389745597,-78.64295820815529
35.77488088688845,-78.64208835685508
35.77455428414873,-78.64165219912098
35.77385842035225,-78.64428968025882
35.77488821878669,-78.63949605213038
35.77400372524462,-78.63954779965816
35.77370578356165,-78.63956751300208
35.77355981213307,-78.63957079855939
35.77403038669276,-78.64230438224881
35.77400372524462,-78.63934409510438
35.77551942857143,-78.63857609608107
35.77273730645792,-78.64349211121963
35.77571672328767,-78.64063614052009
35.77511217495108,-78.64208260712978
35.77451562504892,-78.63835514235136
35.77280196046966,-78.64042504346233
35.77573538630137,-78.64109036881943
35.7733191925636,-78.64426914552557
35.77466359608611,-78.63835185679405
35.77335785166341,-78.64370895800268
35.77415369589041,-78.64306827432547
35.77413836555773,-78.64235202282993
35.77539078708415,-78.64319066133561
35.77343450332681,-78.64367774520815
35.77286328180039,-78.63989689012331
35.77511550763209,-78.64294260175802
35.77377576986301,-78.64360546294714
35.7729785925636,-78.64273971859357
35.77560607827789,-78.64162016493712
35.77332119217221,-78.63958065523136
35.77485422544031,-78.6428563558784
35.77323454246575,-78.64242019814431
35.77453962035225,-78.64296313649126
35.77316189001957,-78.6406008207789
35.77524148297456,-78.64029690672689
35.77317122152642,-78.63937695067757
35.77405838121331,-78.6424341617629
35.77379709902153,-78.63815308057625
35.77543544500978,-78.63855556134781
35.77493820900196,-78.64349703955561
35.77556075381605,-78.64052689573923
35.77411103757338,-78.64319558967159
35.77447496634051,-78.64049486155537
35.77382376046967,-78.64394058979367
35.77324187436399,-78.63958640495666
35.77586736046967,-78.6394410190453
35.77346383091977,-78.64402108594798
35.77322121174168,-78.64228631168355
35.77406771272015,-78.64226084861433
35.77407971037182,-78.64355864375534
35.77538545479452,-78.64329497778049
35.77376443874756,-78.64411390294225
35.77371111585127,-78.63838964070321
35.77377710293542,-78.63934409510438
35.77520615655578,-78.64207850018312
35.77311323287671,-78.64276600305213
35.77283728688845,-78.63911410609205
35.77527147710372,-78.64297956427787
35.77593334755382,-78.64024515919913
35.77520549001957,-78.63848985020144
35.77586869354208,-78.64419850604321
35.77267198590998,-78.64305677487486
35.77517482935421,-78.6412825739226
35.77596334168297,-78.639432805152
35.77322787710371,-78.64059917800024
35.77427967123288,-78.64361942656573
35.77524948140901,-78.63831982261019
35.77317055499022,-78.64316437687705
35.77513083796477,-78.63848656464413
35.77272797495107,-78.64337875949212
35.77427167279843,-78.6428423922598
35.77393907123287,-78.64362435490172
35.77516549784736,-78.63832557233549
35.77519549197652,-78.64295656537662
35.77526881095891,-78.64308798766939
35.77316122348336,-78.63840935404713
35.77415502896282,-78.64330237028446
35.7742463444227,-78.64348389732633
35.77474891272016,-78.63850052826272
35.77286794755381,-78.63922663643022
35.77406571311155,-78.64234134476864
35.77483822857143,-78.64154049017213
35.77432299608611,-78.64271671969234
35.7731878849315,-78.63941884153338
35.77332852407045,-78.64341736479062
35.77540478434442,-78.63863441472347
35.77331585988258,-78.64319394689292
35.77416036125245,-78.6402394094738
35.77379576594912,-78.63803972884874
35.77279196242661,-78.63857034635575
35.77389641291585,-78.64222881443047
35.77284395225049,-78.63853091966793
35.77488488610567,-78.64205057294592
35.77417435851272,-78.64344118508119
35.77529280626223,-78.64044475680625
35.77384508962818,-78.64356110792333
35.77330919452054,-78.64225674166768
35.77379776555773,-78.64220910108655
35.77411170410959,-78.64362024795507
35.77351648727984,-78.64225674166768
35.77453628767123,-78.64136964119155
35.7747375816047,-78.64138606897815
35.77264599099804,-78.64331797668171
35.77442630919765,-78.64162591466243
35.77312922974559,-78.64318080466366
35.77396639921722,-78.64221977914784
35.77398839491194,-78.64061560578683
35.77373444461839,-78.64349539677694
35.77550076555773,-78.64027144365767
35.77271997651663,-78.63863934305945
35.77345849863013,-78.64225017055304
35.77529747201566,-78.63946401794652
35.77588402387476,-78.64379848943962
35.77416835968689,-78.64338861616407
35.77430633268101,-78.6379198060066
35.77335585205479,-78.63956422744475
35.7741150367906,-78.64058357160297
35.77577671154599,-78.64207357184715
35.77490954794521,-78.64354303735807
35.77325453855186,-78.6441927563179
35.77421568375734,-78.64222388609448
35.77492087906067,-78.64341572201197
35.77397306457926,-78.64211464131364
35.77393840469667,-78.64277585972408
35.77548876790607,-78.64125464668538
35.7744543037182,-78.63836007068734
35.77385775381605,-78.64363010462702
35.77404638356165,-78.64258940434623
35.77320721448141,-78.63957326272738
35.77391440939335,-78.64354960847271
35.77517949510764,-78.64290481784886
35.77506218473582,-78.64288181894761
35.77264932367905,-78.64368267354413
35.77441831076321,-78.6415035276523
35.77510617612525,-78.63948701684775
35.77586336125245,-78.64410815321693
35.77523415107632,-78.64352003845684
35.77509417847358,-78.64049568294469
35.77565806810176,-78.64402190733732
35.77393573855186,-78.64060328494689
35.77489821682975,-78.63850545659871
35.77551609589041,-78.64206453656452
35.77595401017613,-78.6404735054328
35.77430499960861,-78.63962665303382
35.77418902230919,-78.64362106934439
35.773395844227,-78.64263622353802
35.77536612524462,-78.63942787681601
35.77596867397261,-78.64369827994139
35.77448363131116,-78.63997820766694
35.77411970254403,-78.64241116286168
35.7733185260274,-78.64323255219142
35.77523681722113,-78.63946648211451
35.77589735459883,-78.64352250262483
35.77495420587084,-78.63850134965206
35.77407171193737,-78.64426914552557
35.77377843600782,-78.64347075509706
35.77334385440313,-78.64396851703088
35.77275996868885,-78.63950590880235
35.77533413150685,-78.64333276168965
35.77499353150685,-78.64050882517397
35.77371978082191,-78.64323090941276
35.7734518332681,-78.63837814125259
35.77319388375734,-78.64239309229642
35.77413436634051,-78.64346582676107
35.77336718317025,-78.64260008240751
35.773736444227,-78.6407552419729
35.77588269080235,-78.63898761213527
35.77489755029355,-78.64343132840922
35.77543544500978,-78.63835267818337
35.77581403757339,-78.6430387043096
35.77268398356164,-78.6438338091808
35.77484889315068,-78.64193557843974
