timestamp,x,y,yaw_deg
1757377533.9330015,0.0,0.0,0.0
1757377534.0,1.2216985704141077e-05,-3.622236219986087e-05,0.0012318882214270017
1757377535.0,0.0003248357128575407,-0.0006721575815391577,0.03042012199504815
1757377536.0,0.0006547902991948866,-0.0015646214283709557,0.06795437262941449
1757377537.0,0.001773613918541554,-0.0024230967815438006,0.10435694699269794
1757377538.0,0.002809419145641982,-0.0035351612850638594,0.14216662986231168
1757377539.0,0.0038347088800222127,-0.004925824536567063,0.16987882699907403
1757377540.0,0.004145940959363178,-0.006934963199679352,0.19793745868197724
1757377541.0,0.0047074557466605296,-0.01019250321588041,0.21151905793931133
1757377542.0,0.002952787474661938,-0.012653812506588896,0.23054417399187446
1757377543.0,0.0008798749484360579,-0.014829687496682509,0.23966478490310167
1757377544.0,-0.0010256917132921654,-0.017263774158271832,0.2528672032800316
1757377545.0,-0.0033996921651317,-0.019366815769683285,0.26345541502108605
1757377546.0,-0.005738876781424877,-0.02114321043952516,0.28999191967237214
1757377547.0,0.02293728294232372,-0.025287499427302323,0.3703188446774263
1757377548.0,0.199732781734466,-0.03510491995130886,0.37041743933422533
1757377549.0,0.3767460103441635,-0.05612542442631694,0.02972830727833322
1757377550.0,0.5132660988049096,-0.0807457411858542,359.45763425370507
1757377551.0,0.5916708619374195,-0.09889389298378501,358.57017040723076
1757377552.0,0.5132761445322935,-0.09134128911645223,358.495562542083
1757377553.0,0.551249381919305,-0.05758468470009131,11.051131870662502
1757377554.0,0.7382761071650343,-0.03320458720110003,40.09315404541935
1757377555.0,1.041343655963024,-0.10611118416387234,41.55939222135668
1757377556.0,1.5123568213744438,-0.0950564381756634,43.82231879173874
1757377557.0,1.9432038224797683,-0.15393789120762597,45.38327462257217
1757377558.0,2.3061208218594995,-0.28073329085365717,45.41962061226845
1757377559.0,2.5867546824784733,-0.47054269620154743,45.143280363909966
1757377560.0,2.7023979009613037,-0.8261226670074902,45.00789411532857
1757377561.0,2.827090762676472,-1.1387782868541356,59.552612277101396
1757377562.0,3.0113109120188724,-1.459066775312029,93.08522890392496
1757377563.0,3.37969460866239,-1.7907831929448683,127.21007720300727
1757377564.0,3.943216278130105,-2.0016643134631136,154.78760780909084
1757377565.0,4.702995788004396,-2.0859154528240746,173.3085988671042
1757377566.0,5.515360416753035,-2.025410122866045,177.2308833554045
1757377567.0,6.35525510131815,-1.9104856818076967,177.20570142390898
1757377568.0,7.007142195130809,-1.779939356447897,177.58629732936086
1757377569.0,7.673009029698838,-1.6517254456583301,178.72940930386864
1757377570.0,8.377353160386914,-1.5126919584727911,179.7120985833518
1757377571.0,9.048896610278439,-1.3790138627801651,178.86017337737638
1757377572.0,8.379175508254333,-0.15746543682200498,223.8050498873986
1757377573.0,8.379175508254333,-0.15746543682200498,223.8050498873986
1757377574.0,8.379175508254333,-0.15746543682200498,223.8050498873986
1757377575.0,8.379175508254333,-0.15746543682200498,223.8050498873986
1757377576.0,7.804571069619795,0.05444744660570409,236.93473060832017
1757377577.0,6.396792900873541,0.6461159764561942,260.73282530410916
1757377578.0,4.770428510220054,1.281804817947799,266.803749692741
1757377579.0,3.087331229352519,1.8967991701906222,266.7901069806374
1757377580.0,1.4092206186447167,2.4049243412759926,266.97130545843004
1757377581.0,-0.2824404090609618,2.784583070915229,267.0931260759554
1757377582.0,-1.9729583609239776,3.2152774148347283,267.00699042886833
1757377583.0,-3.6639359340567648,3.822432776919227,266.8323095573714
1757377584.0,-5.336144644037088,4.470357425456403,266.8405381106093
1757377585.0,-7.015667357284063,5.05601504279901,266.84877277345913
1757377586.0,-8.695481771167781,5.642328554237651,266.84870413620405
1757377587.0,-10.390504612913059,6.233178531006978,266.8302122141307
1757377588.0,-12.068433403487683,6.817223817741155,266.813955167745
1757377589.0,-13.74343174714644,7.406164093924317,266.8051341862748
1757377590.0,-15.425971929282051,8.022136668278256,266.77939106103264
1757377591.0,-17.118808432275276,8.65172406743815,266.76824633469306
1757377592.0,-18.80706434814095,9.279813614145079,266.75062288562356
1757377593.0,-20.49854239373093,9.909213589831694,266.73094035014
1757377594.0,-22.176509662283525,10.5338057120567,266.7214966022227
1757377595.0,-23.86345310780224,11.161478917422308,266.7230511229827
1757377596.0,-25.541880365604722,11.786172054112658,266.72332125676996
1757377597.0,-27.237327680108105,12.416822588006896,266.7289129732522
1757377598.0,-28.928311715456974,13.045103138386871,266.7491227349993
1757377599.0,-30.61501669380021,13.67243685535626,266.7492651671905
1757377600.0,-32.2948231546075,14.296856765468991,266.7693504029376
1757377601.0,-33.98329889373311,14.924241581766971,266.7813329429303
1757377602.0,-35.67626124710693,15.553038403648445,266.7835780221479
1757377603.0,-37.35093153223162,16.17472613277291,266.77802702478846
1757377604.0,-39.033406643540815,16.799638153969525,266.7766734276959
1757377605.0,-40.72847560498007,17.429121391110552,266.7806403108264
1757377606.0,-42.41509426202659,18.055136335928665,266.77792327443075
1757377607.0,-45.81067879125136,19.31920909969759,266.7695668268216
1757377608.0,-45.81067879125136,19.31920909969759,266.7695668268216
1757377609.0,-47.46687340879611,19.93881961442901,266.76782240637414
1757377610.0,-49.13694324660459,20.56353538636795,266.77077449197975
1757377611.0,-50.82441984562421,21.1941375000628,266.77550629525047
1757377612.0,-52.499411003003765,21.82014589163698,266.77527461163294
1757377613.0,-54.18159412329782,22.449181515030673,266.77071212553955
1757377614.0,-55.863418742674966,23.077517660227052,266.7710063198255
1757377615.0,-57.54095854151825,23.703893718634117,266.76706145231344
1757377616.0,-59.227097259239954,24.333756988528844,266.76863085059966
1757377617.0,-60.905340642917025,24.959957850277913,266.7688184352221
1757377618.0,-62.58771949513399,25.588105960431495,266.76716368159225
1757377619.0,-64.26111251631352,26.21341306613227,266.7656905146256
1757377620.0,-65.94455523688433,26.84261646728269,266.76875343134475
1757377621.0,-67.62759689613135,27.471934368517886,266.766444680716
1757377622.0,-73.515020679836,29.6528368167185,266.76623438511393
1757377623.0,-73.515020679836,29.6528368167185,266.76623438511393
1757377624.0,-73.515020679836,29.6528368167185,266.76623438511393
1757377625.0,-74.36178131872828,29.961811429929867,266.7751515288835
1757377626.0,-76.0550639984096,30.58031138904325,266.7727944592919
1757377627.0,-77.75275560349915,31.200485202362987,266.7758443275433
1757377628.0,-79.4293240348357,31.81288776396843,266.75965794526155
1757377629.0,-81.12563405980129,32.427235743442985,266.7753029587337
1757377630.0,-82.8132811021511,33.03479575851573,266.7837937010883
1757377631.0,-84.5004073237958,33.64266082447977,266.78250105062165
1757377632.0,-86.17903743696058,34.247658540549395,266.7826561048474
1757377633.0,-87.85851328418765,34.85253851096604,266.7900269121019
1757377634.0,-89.5597501745592,35.46467915120048,266.7927768909341
1757377635.0,-91.24613554767903,36.0711314051442,266.7924258102196
1757377636.0,-92.93310642117363,36.6813535344682,266.79180295401113
1757377637.0,-96.8690616359415,38.06432134508044,266.78585034922327
1757377638.0,-96.8690616359415,38.06432134508044,266.78585034922327
1757377639.0,-97.94845393767126,38.42758005496016,266.78869243800915
1757377640.0,-99.60363768467388,38.9845841921259,266.78661074299157
1757377641.0,-101.26738522204819,39.545265836274176,266.78040873030244
1757377642.0,-102.9313848191649,40.10526719570878,266.77513824614346
1757377643.0,-104.59457543884594,40.664877336766445,266.7788953824152
1757377644.0,-106.24837242341894,41.22151626598804,266.77401789444923
1757377645.0,-107.91459443883669,41.78236538936311,266.76466991213323
1757377646.0,-109.580430766055,42.342676495365914,266.7664500555777
